category,asin
earphone,B00JG2WRUO
earphone,B01M0GB8CC
earphone,B07HH1QSLB
earphone,B06X16Z7DZ
earphone,B0BYD6GPF1
earphone,B0BNT895FD
earphone,B0BKFT42LJ
earphone,B09DGFHKNC
earphone,B0BM4HGSFJ
earphone,B0C2Y5GP9V
earphone,B085VX9JY7
earphone,B0BNCJ5DNY
earphone,B0C6TTG88V
earphone,B0BW4QP5R2
earphone,B00E4LGVUO
earphone,B0C6558PF4
monitor,B0773ZY26F
monitor,B0BS9TD2LD
monitor,B09MZMJRGJ
monitor,B078HQH2B2
monitor,B07774L6TT
monitor,B0148NNKTC
monitor,B0B6DFG1FQ
monitor,B0BNWWF32B
monitor,B0BY9NPLP4
monitor,B08FNW672V
monitor,B0B17J144M
monitor,B07743412C
monitor,B07YGY3RLN
monitor,B08BF4CZSV
monitor,B0BTSFVMLV
monitor,B079K3MXWF
earphone,B09TYTCMQB
earphone,B07RGZ5NKS
earphone,B0C3C4V8GP
earphone,B09KGLRF8J
earphone,B00I3LUUIU
earphone,B0BXKHZFNL
earphone,B093PF4MDQ
earphone,B0BD2MYS28
earphone,B0BWV1FQNV
earphone,B0BPS83P1W
earphone,B097B7PZ4B
earphone,B0BVPW4D58
earphone,B0C14NQJVJ
earphone,B09ND4HZ3Z
earphone,B0C6ZJVDZV
earphone,B0B9RJ68BV
monitor,B09RQCJVN1
monitor,B0B4Q16HBS
monitor,B078HMK7S3
monitor,B0B1B3VZLD
monitor,B0B3PWP1YS
monitor,B0B6CYVXF7
monitor,B0C39PVPYB
monitor,B09GKZ71PJ
monitor,B08MVBYWGQ
monitor,B0BDBK7GPF
monitor,B0B9NNWXVP
monitor,B09JCMPG7V
monitor,B098YKNVWR
monitor,B08R7PQ4JW
monitor,B0B4W9SK4Z
monitor,B08WJ26WP6
earphone,B0C14NQJVJ
earphone,B08H1WNYTR
earphone,B07QN49FMK
earphone,B0B9RJ68BV
earphone,B0BV9F196L
earphone,B0C3W4MNN1
earphone,B0BZHV41T1
earphone,B09D5TT7L4
earphone,B0BLRZTCLB
earphone,B093SLWMS7
earphone,B09LD2D1TV
earphone,B0C4QDQKTZ
earphone,B09JC2VJYT
earphone,B0C7434VVD
earphone,B0C4JT3P15
earphone,B08B5F9JVB
monitor,B09JL4W5CQ
monitor,B0BFWKH1R8
monitor,B08BF4CZSV
monitor,B088LG2BSW
monitor,B09FP4H99P
monitor,B08WJ26WP6
monitor,B088YN9LBK
monitor,B09P7ZK4CJ
monitor,B0BW2T7WFK
monitor,B0B49JWRBZ
monitor,B09ZYTFX33
monitor,B08LLD2QXJ
monitor,B09TV7ZG1Y
monitor,B095TVWL6M
monitor,B07JGL19WK
monitor,B07774L6TT
earphone,B0C7434VVD
earphone,B09N6ZJ962
earphone,B08B5F9JVB
earphone,B0BD51Y1PF
earphone,B0BZ77BT73
earphone,B0B7MKX5MW
earphone,B07L1RQDJM
earphone,B0C1QNQ68G
earphone,B0C5RLTFC8
earphone,B0BW8DLLKP
earphone,B0C33TBWT3
earphone,B0BV2TYJ1Q
earphone,B089PYQQSQ
earphone,B0BWGPM6PW
earphone,B01MA1MJ6H
earphone,B09YYZJZTT
earphone,B0BVLPB143
earphone,B0C1BTXM9W
earphone,B0BXY2QG39
earphone,B0BNXGDY9Y
earphone,B00TJ0PGDS
earphone,B06XNSK8KC
earphone,B0B8DH5RXF
earphone,B0BG4YYZFK
earphone,B0BGJ2NNJ2
earphone,B0BDYSK8GB
earphone,B08L6ZYW21
earphone,B0C5HQQ6GB
earphone,B0BD8S15YY
earphone,B09M7XGSNN
earphone,B0BRVCVNTP
earphone,B0C49R6T82
keyboard,B07WJ5D3H4
keyboard,B01ALLT2W4
keyboard,B09JK9V4NR
keyboard,B09NLS9TK4
keyboard,B079JLY5M5
keyboard,B09YRBD8TM
keyboard,B09BFSKDHT
keyboard,B09MDZY68V
keyboard,B098LG3N6R
keyboard,B06XHY8J7M
keyboard,B09P33RWFJ
keyboard,B07RQVB3HQ
keyboard,B017M4IX8W
keyboard,B07D34L57F
keyboard,B09TZWLFLY
keyboard,B0BL2RSCG9
mouse,B015NBTMMC
mouse,B005EJH6RW
mouse,B00P43PCI8
mouse,B07GBZ4Q68
mouse,B0BPP8DRKL
mouse,B087Z5WDJ2
mouse,B0BYD5H31D
mouse,B0836GXKKB
mouse,B088NDL2G1
mouse,B098S48QWM
mouse,B0B66RHD7B
mouse,B09H37F1ZH
mouse,B08NM2GF2V
mouse,B005EJH6Z4
mouse,B07H8TJMX7
mouse,B09JG4KJN5
monitor,B0C1KPXPM9
monitor,B07CS3JGPC
monitor,B09NJPFZX5
monitor,B08TKRRCTC
monitor,B00UJVIX3Q
monitor,B09Q7P8VHN
monitor,B09TTDRXNS
monitor,B08C2HRGG6
monitor,B0997NRZ3F
monitor,B09VQ94KH1
monitor,B0BRM97B1T
monitor,B08XMZYP81
monitor,B0BL7SNRRL
monitor,B0787WGCXT
monitor,B0B5JT3MFJ
monitor,B088HJ4VQK
keyboard,B07THJFXJN
keyboard,B0BQC4GB3T
keyboard,B017M4IX8W
keyboard,B07RQVB3HQ
keyboard,B07D34L57F
keyboard,B0BL2RSCG9
keyboard,B0BFWJX3DX
keyboard,B0B4JYRFKM
keyboard,B095VM6J1R
keyboard,B09TR4Y91J
keyboard,B0BL99PHYQ
keyboard,B09DK9CSTQ
keyboard,B00ZYLMQH0
keyboard,B097T276QL
keyboard,B0C2C7171C
keyboard,B0BY8L5PFG
earphone,B0851ZPB5C
earphone,B0C3M7ZHDD
earphone,B07PXGQC1Q
earphone,B0BYDJGTYZ
earphone,B0BTYCRJSS
earphone,B07PR2D333
earphone,B0BFQS8236
earphone,B0C5YKY1SR
earphone,B07MX1XL1V
earphone,B0BDM7LSLT
earphone,B0C71D1NP1
earphone,B0B3VTQRRN
earphone,B0C5RLTFC8
earphone,B0B8H8LR65
earphone,B0C3H1Z6HS
earphone,B096LRZY4B
monitor,B09ZYTFX33
monitor,B0BXH4SQGQ
monitor,B0BV511T41
monitor,B09Q7SLP6F
monitor,B09FP4H99P
monitor,B0BR8296LG
monitor,B07L9G1BFX
monitor,B09ZH1Q6TT
monitor,B08C2HRGG6
monitor,B09TV7ZG1Y
monitor,B09V6S4ML2
monitor,B09MZPCWPV
monitor,B083Z2RPB9
monitor,B086XMFNW6
monitor,B082DNTXJ6
monitor,B088HJ4VQK
mouse,B005EJH6Z4
mouse,B07RML1HBS
mouse,B09JG4KJN5
mouse,B0BCJC3GCY
mouse,B007CLWN5A
mouse,B07YN82X3B
mouse,B09JSH81HZ
mouse,B0BVMXV37S
mouse,B001DHECXA
mouse,B08SJ5Z8JL
mouse,B099TH1733
mouse,B074M96FKW
mouse,B01LZF08JK
mouse,B08SMNVFTX
mouse,B094PS5RZQ
mouse,B01EFAGMRA
earphone,B0BGK7CPF4
earphone,B0BDM7LSLT
earphone,B0BYDJGTYZ
earphone,B0C3M7ZHDD
earphone,B0B979SXNT
earphone,B0BTYCRJSS
earphone,B08L6ZYW21
earphone,B07MX1XL1V
earphone,B0BY9F5KNG
earphone,B07PR2D333
earphone,B09ZPFD4JD
earphone,B0967CVTKB
earphone,B0B3VTQRRN
earphone,B0B8H8LR65
earphone,B07PXGQC1Q
earphone,B0C3H1Z6HS
keyboard,B09WDJNBT1
keyboard,B003ELVLKU
keyboard,B0B3RJML38
keyboard,B07W6ZTMWP
keyboard,B0BV2SLVPR
keyboard,B09X6GJ691
keyboard,B0B768KQHR
keyboard,B0B7QMFTZY
keyboard,B0BHSPL274
keyboard,B0BZTVTPR7
keyboard,B00NLZUM36
keyboard,B08PVYS2YV
keyboard,B088CQTMY9
keyboard,B085ZDXGZW
keyboard,B0BNTHFFNG
keyboard,B0BFWJX3DX
mouse,B005EJH6Z4
mouse,B0BGS8PG3K
mouse,B073319ZJF
mouse,B09HHHDZZG
mouse,B07H8TJMX7
mouse,B0BYD5H31D
mouse,B07HC4NBQ8
mouse,B08FQMBKQG
mouse,B071YZJ1G1
mouse,B0BQ2KX5GQ
mouse,B09QG1PTKH
mouse,B09JG4KJN5
mouse,B07RML1HBS
mouse,B00GXFFJAW
mouse,B0787D6SGQ
mouse,B01EFAGMRA
monitor,B07PZR2YY4
monitor,B083Z2RPB9
monitor,B088HJ4VQK
monitor,B086XMFNW6
monitor,B076561VC1
monitor,B00EZSUVHK
monitor,B0BQQ5CHP2
monitor,B08Z66BHWW
monitor,B0BQ345ZTZ
monitor,B0BX5YTM9Z
monitor,B01CX26WCW
monitor,B09XVLVRWD
monitor,B07YGZL8XF
monitor,B0BBSNZ57Z
monitor,B0997NRZ3F
monitor,B0BL7SNRRL
earphone,B0BZHC5T85
earphone,B07XPVJHRJ
earphone,B0BZ3CWBNQ
earphone,B0BNCJ5DNY
earphone,B07DGPSWY3
earphone,B09J4RVQT6
earphone,B0BZVDBJFG
earphone,B08BZWP8VL
earphone,B00T27N540
earphone,B0BBDZHM3Y
earphone,B0BTYCRJSS
earphone,B0C313DTM8
earphone,B0BTZKP1TP
earphone,B0C1C141MS
earphone,B092MKW5CR
earphone,B00S2P0M1C
keyboard,B09LK1P1RD
keyboard,B0BJDPT8V3
keyboard,B0BZTVTPR7
keyboard,B09ZXP7L78
keyboard,B00NLZUM36
keyboard,B07ZGDPT4M
keyboard,B07RN5T3W4
keyboard,B079HR85C3
keyboard,B098J8XTLG
keyboard,B08PBVDQKG
keyboard,B09MLW731L
keyboard,B09N9D45F9
keyboard,B0BTT2VCRR
keyboard,B08PVYS2YV
keyboard,B088CQTMY9
keyboard,B0BKQ7GV4N
keyboard,B09N7532L7
keyboard,B07FLKYRFB
keyboard,B07796MBJ7
keyboard,B0BNTHFFNG
keyboard,B0B1TP9YWD
keyboard,B09FGZ1BVL
mouse,B0BWN23L4W
mouse,B09KLZ9B6M
mouse,B00Z9V0NKC
mouse,B0BPY1JM2Q
mouse,B095K5195L
mouse,B01BC4TXXC
mouse,B09QG1PTKH
mouse,B07YN82X3B
mouse,B005KSAHZU
mouse,B09LXXM4XV
mouse,B0B1CF2FPM
mouse,B09XZR7GC6
mouse,B07QX9C9WH
mouse,B07CMS5Q6N
mouse,B09NBV52FS
mouse,B0BK861338
mouse,B0BVP619Z5
mouse,B011DG5B4E
mouse,B073319ZJF
mouse,B09HHHDZZG
mouse,B086MF8Q52
mouse,B0BGN6YHC5
earphone,B08MC6PLT4
earphone,B0B42JD9RH
earphone,B0C36H2PKF
earphone,B0C1C141MS
earphone,B08KR8CRQP
earphone,B0BZ13HW4X
earphone,B0BRTY4BXX
earphone,B09CHHC6LM
earphone,B0BJ6ZRQ4V
earphone,B07SJR6HL3
earphone,B0BH6SNLS9
earphone,B092MKW5CR
earphone,B0C37BZ9NQ
earphone,B082QPHYZQ
earphone,B0B7838HH6
earphone,B01C3H9D5K
keyboard,B0C3M1HR92
keyboard,B0BL2ND2GC
keyboard,B09BMH2K4R
keyboard,B07TNRCM1Z
keyboard,B07WV5WN7B
keyboard,B0863FFS4V
keyboard,B01CDYB8AG
keyboard,B087F5QDS5
keyboard,B077P45VND
keyboard,B09XFG9BWF
keyboard,B0876MVKQC
keyboard,B0C1RHXKV7
keyboard,B087C98QJJ
keyboard,B07XVCP7F5
keyboard,B09W2SV2JD
keyboard,B07Y9PMKV2
monitor,B08LQYVMMK
monitor,B0C1SFXD9T
monitor,B08412PTXL
monitor,B07GRGQKHS
monitor,B08Y62728B
monitor,B09ZNQ1HJ7
monitor,B07J3PVSYN
monitor,B09RV8QR7T
monitor,B09SVRTQ3J
monitor,B07K8877Y5
monitor,B091G4V13S
monitor,B098TSWSD8
monitor,B0BWGDW4CY
monitor,B0BVD58FYH
monitor,B08P9RJ1X7
monitor,B08XVMHRFW
mouse,B0BGRR16K3
mouse,B08FQMBKQG
mouse,B09H3Y44LL
mouse,B00GXFFJAW
mouse,B01694XMF0
mouse,B0787D6SGQ
mouse,B092QXSVSB
mouse,B00IIDD0ZS
mouse,B011DG5B4E
mouse,B09HZ95V6Z
mouse,B07WCW1PB3
mouse,B087Z6LSHW
mouse,B00S0CTV78
mouse,B09J2K6554
mouse,B009SPWCFY
mouse,B072N93KTW
earphone,B08PN5D7RW
earphone,B0BTDHKDSX
earphone,B0B5323HMB
earphone,B0C64V3G4R
earphone,B07YSGD7V7
earphone,B0BTZKP1TP
earphone,B000MUXVYK
earphone,B0BL9DJJK7
earphone,B0C43X46C6
earphone,B00S2P0M1C
earphone,B0BRQ89BYV
earphone,B0BLRMNT6W
earphone,B07SMB71B7
earphone,B004RE3YNA
earphone,B07QKYTGH9
earphone,B0C33TBWT3
mouse,B09SHZB9SC
mouse,B072M4YLN6
mouse,B0BGN6YHC5
mouse,B07C2NL5HK
mouse,B0BGKFJJYW
mouse,B07C9YV9WN
mouse,B0877DK2FL
mouse,B082G5BDNC
mouse,B0BB7DB6CW
mouse,B07HMLRY35
mouse,B07L4BM851
mouse,B07QN369XX
mouse,B0BX75JT95
mouse,B098RDJZFM
mouse,B0B8M9TKGP
mouse,B07HXX7HXZ
monitor,B0C1T35BCF
monitor,B08C63NR1V
monitor,B07KW6HFD1
monitor,B08K2DSMJV
monitor,B09ZDMNZPT
monitor,B07STYFWC5
monitor,B09BJVZVTB
monitor,B07WPFP6S4
monitor,B094Q98VLR
monitor,B0921YZC94
monitor,B09SGR5ZFH
monitor,B0BQPS9QCT
monitor,B0939X2JWW
monitor,B0B94R7HKQ
monitor,B08L3BHN3P
monitor,B07TNM8L6S
mouse,B07C5RVGSZ
mouse,B0BKL8VT9M
mouse,B07QN369XX
mouse,B086275WHB
mouse,B09HMKFDXC
mouse,B0753P1GTS
mouse,B09GK8KC7H
mouse,B09NBV52FS
mouse,B0BGXFWM4L
mouse,B09PYSNBDJ
mouse,B0BZH644MP
mouse,B0BNWLCM36
mouse,B09C13PZX7
mouse,B0897PGSPR
mouse,B0BN543RXR
mouse,B07QX9C9WH
monitor,B07J4FMB71
monitor,B08P9RJ1X7
monitor,B08YFKTP6L
monitor,B07S85BC8L
monitor,B08S2RFRHY
monitor,B0BRND5LRL
monitor,B0BQPZYKH1
monitor,B0C5DZSD6Y
monitor,B07P1ZSR38
monitor,B09S36ZHW5
monitor,B091BJ4CKX
monitor,B0BWQR9GBF
monitor,B07YX5NKK2
monitor,B07BV3W5XJ
monitor,B0BJ6NF36G
monitor,B0B5JKXMFG
mouse,B09GK8KC7H
mouse,B0BGXFWM4L
mouse,B09PYSNBDJ
mouse,B0BZH644MP
mouse,B09C13PZX7
mouse,B09TFYPPZ4
mouse,B0BNWLCM36
mouse,B0897PGSPR
mouse,B0BD1WV3C2
mouse,B07YPC3BQC
mouse,B0BP9R8LRQ
mouse,B09P33RWFJ
mouse,B09BZ1HH81
mouse,B09MRHVJM9
mouse,B08B3K9K6P
mouse,B07R7LMHDL
monitor,B0BBSV1LK5
monitor,B09X3168XL
monitor,B0BX671W1K
monitor,B08TX62PLQ
monitor,B0BTLTY27M
monitor,B09WGWT8DV
monitor,B08DYCZ7L9
monitor,B09YJ4QZR3
monitor,B0BWDQ7T3X
monitor,B07CP9DN99
monitor,B0BSCVZV33
monitor,B0BJJHXZTK
monitor,B0BV8BNN7P
monitor,B0BJ13N7LC
monitor,B0BV9HHY5X
monitor,B0C5PCZ2YD
mouse,B081PHHB24
mouse,B07NQMR7XS
mouse,B0BHS4M3MX
mouse,B086MF8Q52
mouse,B00IIDD0ZS
mouse,B011HMDZ0Q
mouse,B003D8ZT0C
mouse,B08SWJXKQ6
mouse,B07YPBX9Y7
mouse,B08P2JFPQC
mouse,B0995Y7GP4
mouse,B06XHY8J7M
mouse,B0BXCG7B34
mouse,B00GZIA2AE
mouse,B083YYYYC3
mouse,B0B7PPZVN7
keyboard,B0C3M1HR92
keyboard,B0BL2ND2GC
keyboard,B0BLSHJH9S
keyboard,B09BMH2K4R
keyboard,B0BKLN6YJ4
keyboard,B07WV5WN7B
keyboard,B09XFG9BWF
keyboard,B087F5QDS5
keyboard,B09FJY7YCF
keyboard,B08L9LKFM7
keyboard,B0876MVKQC
keyboard,B09WLNYM55
keyboard,B0BVBBMWF8
keyboard,B07Y9PMKV2
keyboard,B09KG6MSVH
keyboard,B09W2SV2JD
mouse,B07F816PH9
mouse,B08P36X7RQ
mouse,B0035ERKYW
mouse,B09BRD98T4
mouse,B0BHMLWH3Z
mouse,B003D8ZT0C
mouse,B00Y0BWQD4
mouse,B0995Y7GP4
mouse,B08LDHYNW3
mouse,B00O3TIZXS
mouse,B093LSMKL3
mouse,B082KS47P8
mouse,B07HGVXJPK
mouse,B0BTHJCMJF
mouse,B0C3GPLCFN
mouse,B082G5BDNC
keyboard,B09KG6MSVH
keyboard,B00JG01QTY
keyboard,B09CT5N8DR
keyboard,B004N627KS
keyboard,B0BQ732228
keyboard,B09C2DLCPG
keyboard,B08L8285N1
keyboard,B07YB32H52
keyboard,B09C12L49Z
keyboard,B07D5TNTPC
keyboard,B092LK5NSN
keyboard,B0C282K7RP
keyboard,B098QJT63W
keyboard,B0BNTHFFNG
keyboard,B071ZZTNBM
keyboard,B0BGXZF1MD
keyboard,B07D5S24BP
keyboard,B07YTYLW2Z
keyboard,B0BQLG31QR
keyboard,B01IQL2VCE
keyboard,B08J8BLRZF
keyboard,B0B5R8Z3S2
keyboard,B0BJJ4FS1F
keyboard,B0BZC17TWV
keyboard,B0B5X365WH
keyboard,B073P2H4J5
keyboard,B0BVBHT1T5
keyboard,B0B3XCK4CH
keyboard,B09FJY7YCF
keyboard,B00Y0BWQD4
keyboard,B07DM54P8F
keyboard,B08GLTWXBG
keyboard,B0BJDPT8V3
keyboard,B0BW3N94YS
keyboard,B0B3XCK4CH
keyboard,B09FJY7YCF
keyboard,B07DM54P8F
keyboard,B09FLPDMKN
keyboard,B08GLTWXBG
keyboard,B0821CDRXK
keyboard,B0BYNB1J27
keyboard,B0BRNFTBHF
keyboard,B09N9D45F9
keyboard,B09BTSH2HW
keyboard,B0BKLN6YJ4
keyboard,B087V1QCY1
keyboard,B08JP3SQY4
keyboard,B07FC94XMC
keyboard,B08J8BLRZF
keyboard,B0962TWYF8
keyboard,B09ZH5SVMF
keyboard,B09NCXXZG7
keyboard,B0B1TP9YWD
keyboard,B09FGZ1BVL
keyboard,B0BRNFTBHF
keyboard,B08JP3SQY4
keyboard,B08GLBVFFL
keyboard,B0BDFM5G5X
keyboard,B07FC94XMC
keyboard,B0962TWYF8
keyboard,B08J8BLRZF
keyboard,B0B7QQ4ZXC
keyboard,B01N11UUVP
keyboard,B09NCXXZG7
keyboard,B08T9L3YK8
keyboard,B09TKH352V
keyboard,B09V83SV47
keyboard,B0BZ4CBZV3
keyboard,B0BH17TJQQ
keyboard,B019AFNEV2
